TICKER;PRECO;DY;P/VP;LIQUIDEZ MEDIA DIARIA;PERCENTUAL EM CAIXA;CAGR DIVIDENDOS 3 ANOS; CAGR VALOR CORA 3 ANOS;PATRIMONIO;N COTISTAS;GESTAO
BTSG11;0,00;0,00;;;0,33;;;72.641.758,17;52,00;Ativa;
BRCR11;79,70;7,09;0,74;2.844.303,15;0,56;-27,88;-5,15;2.871.540.176,98;126.814,00;Ativa;
BCRI11;110,30;11,83;1,04;3.292.685,44;1,55;4,00;2,44;468.178.712,47;38.613,00;Ativa;
BLMG11;98,27;4,25;0,99;1.171.689,89;21,77;;;379.673.074,25;2.700,00;Ativa;
BICR11;97,10;3,17;0,98;3.034,20;8,22;;;49.525.261,27;623,00;Ativa;
BTAL11;97,45;1,59;0,97;922.815,67;37,18;;;601.581.817,76;9.672,00;Ativa;
BTCR11;93,20;6,90;0,96;1.513.556,52;2,99;-6,47;;466.929.590,31;8.772,00;Ativa;
BTWR11;107,10;0,52;1,00;249,00;2,80;;;86.365.770,58;53,00;Passiva;
BZEL11;0,00;0,00;;;0,02;;;538.952.010,85;3,00;Ativa;
CCRF11;0,00;0,00;;;84,21;;;157.187.751,77;12,00;Ativa;
CNES11;41,17;5,21;0,47;19.477,04;5,68;9,07;-19,68;257.473.314,39;2.518,00;Ativa;
CORM11;106,80;2,31;1,08;20.711,80;44,30;;;90.460.231,10;62,00;Ativa;
CXCO11;100,70;1,95;1,01;419.346,48;0,92;;;393.177.556,14;13.462,00;Ativa;
CXRI11;75,80;9,89;0,83;58.000,44;0,55;-4,83;-56,70;143.766.078,73;3.030,00;Ativa;
DEVA11;103,72;13,05;1,04;3.829.325,33;29,41;;;960.639.964,75;31.999,00;Ativa;
DMAC11;13,00;328,73;1,21;22.795,37;27,96;;;1.673.504,88;2.072,00;Passiva;
DOMC11;439,00;0,00;4,04;17.499,67;0,35;;1,08;265.475.108,03;1.158,00;Passiva;
FISD11;0,00;0,00;;;0,00;;;119.260.695,95;25,00;Ativa;
FLCR11;100,98;4,88;1,00;37.660,00;14,63;;;50.492.944,25;167,00;Ativa;
FLMA11;137,50;3,75;0,88;210.606,52;2,08;-14,88;286,04;214.724.797,74;74.717,00;Ativa;
FLRP11;1.290,57;5,59;0,78;16.161,64;1,65;-6,99;2,31;108.437.237,85;970,00;Passiva;
FMOF11;67,21;1,96;0,51;8.926,61;1,33;20,42;-9,27;67.138.225,68;361,00;Passiva;
FOFT11;123,00;0,00;1,12;;5,10;-47,71;10,97;131.819.480,59;3.846,00;Ativa;
FPAB11;250,05;7,55;0,56;14.769,73;1,18;-12,93;-7,51;336.149.327,91;975,00;Passiva;
FVPQ11;124,29;2,68;0,63;124.773,22;0,98;-5,95;-22,10;550.899.159,13;5.282,00;Passiva;
GALG11;103,10;5,59;0,98;2.003.359,07;0,16;;;591.621.104,25;3.920,00;Ativa;
GCRI11;100,72;4,90;1,00;52.101,11;1,46;;;87.076.265,78;222,00;Ativa;
GESE11B;1.520,00;6,65;1,12;456.000,00;1,49;;;70.335.173,68;55,00;Passiva;
GGRC11;118,80;7,29;0,95;2.085.540,44;13,96;-2,73;-0,88;966.425.568,63;93.758,00;Ativa;
GSFI11;5,30;0,00;0,39;194.352,96;0,22;;;926.476.972,09;5.281,00;Ativa;
GTWR11;98,32;8,30;0,98;1.720.564,37;0,43;;;1.209.473.424,07;26.981,00;Ativa;
HAAA11;101,31;4,20;1,05;3.425,06;1,32;;;260.433.878,31;90,00;Ativa;
HBCR11;0,00;0,00;;;4,03;;;25.434.445,12;7,00;Ativa;
HBRH11;95,01;8,43;0,87;442.918,85;0,81;;;245.632.663,72;879,00;Ativa;
HGCR11;103,26;7,80;0,99;3.569.374,56;4,09;-4,56;-1,48;1.294.128.523,66;58.993,00;Ativa;
HGIC11;106,50;2,26;1,03;258.037,68;0,15;;;13.305.600,41;140,00;Ativa;
HMOC11;226,95;66,15;0,95;69.159,67;0,67;122,18;;91.223.530,50;209,00;Passiva;
HOSI11;81,50;6,78;0,88;59.441,56;12,63;;;53.038.319,57;2.246,00;Ativa;
HREC11;100,45;7,57;1,02;2.183.068,04;2,18;;;115.420.822,18;210,00;Ativa;
HSLG11;100,87;3,76;0,90;961.932,85;3,96;;;1.425.858.495,21;14.493,00;Ativa;
HSRE11;97,40;3,05;1,01;611.507,63;1,84;;;825.174.359,56;29,00;Ativa;
HTMX11;100,51;0,00;0,77;250.353,07;0,89;8,60;-6,02;164.134.688,37;24.484,00;Ativa;
HUSC11;124,00;7,06;0,95;7.225,15;1,12;;;103.527.668,31;680,00;Passiva;
HUSI11;1.040,00;0,00;1,09;3.120,00;23,84;;;95.602.971,30;77,00;Ativa;
IBFF11;70,22;7,09;0,84;169.186,67;4,41;;;55.666.031,82;5.410,00;Ativa;
IFID11;88,28;3,49;0,95;118.545,81;1,24;;;69.249.052,19;2.094,00;Passiva;
IFIE11;85,80;3,32;0,98;65.715,44;0,69;;;78.985.256,49;6.368,00;Passiva;
JFLL11;88,08;3,59;0,91;115.004,44;1,89;;;145.082.024,05;1.558,00;Ativa;
JRDM11;60,75;3,00;0,69;102.966,07;2,77;-10,15;-4,16;220.785.848,59;5.492,00;Passiva;
KEVE11;980,00;0,00;0,97;39.211,42;11,04;;;149.136.752,30;383,00;Passiva;
KISU11;117,07;3,70;1,27;717.663,26;169,06;;;70.420.763,26;24.652,00;Ativa;
KNIP11;106,63;11,26;1,03;10.468.574,96;7,44;10,51;0,11;4.862.128.060,12;56.882,00;Ativa;
LOFT11B;29,90;8,76;0,38;2.138,00;12,94;;;181.978.456,88;101,00;Ativa;
LUGG11;93,50;6,24;0,85;42.272,56;0,84;;;98.513.437,42;4.384,00;Ativa;
LVBI11;103,88;6,13;0,94;2.898.556,37;22,78;;;1.298.931.844,06;35.409,00;Ativa;
MALL11;94,51;5,82;0,90;1.490.491,81;2,50;-9,82;-1,54;792.318.974,41;85.219,00;Ativa;
MGCR11;92,00;6,09;0,97;117.560,15;5,00;;;135.393.278,97;1.579,00;Ativa;
MGHT11;96,74;8,09;0,95;70.322,56;8,61;;;106.716.794,02;295,00;Ativa;
MGLG11;0,00;0,00;;;99,25;;;65.242.188,55;17,00;Ativa;
MINT11;110,00;0,00;1,10;89.550,45;23,97;;;52.059.602,97;64,00;Ativa;
MORC11;0,00;0,00;;;3,78;;;18.475.661,91;54,00;Ativa;
MORE11;88,99;10,01;0,91;723.000,00;0,03;;;227.393.363,31;5.881,00;Ativa;
MTOF11;0,00;0,00;;;1,61;;;164.963.990,19;3,00;Ativa;
MVFI11;0,00;0,00;;;0,54;;;136.950.181,55;1,00;Ativa;
NAVT11;79,01;1,52;0,82;410.918,70;3,05;;;101.218.902,51;2.247,00;Ativa;
NCHB11;92,90;11,05;0,99;436.755,52;36,96;-35,33;;135.186.503,35;6.516,00;Ativa;
ONEF11;137,56;5,63;0,86;121.428,81;1,04;-2,84;4,08;146.254.528,05;4.257,00;Passiva;
ORPD11;132,50;0,00;0,90;3.019,50;0,00;;4,40;42.861.168,07;16,00;Ativa;
OUFF11;80,18;9,10;0,92;296.354,00;1,46;;;158.988.425,08;8.269,00;Ativa;
OUJP11;95,40;8,45;0,93;866.778,00;23,82;-8,24;-1,52;335.047.577,06;20.707,00;Ativa;
OULG11;67,95;10,01;0,73;180.316,30;6,15;;;232.053.394,57;6.677,00;Ativa;
PATL11;82,00;6,77;0,85;1.594.180,96;2,50;;;480.384.513,48;12.904,00;Ativa;
PEMA11;92,00;4,17;0,91;393,80;3,12;;;56.106.293,35;66,00;Ativa;
PLOG11;89,21;2,32;0,94;117.123,56;4,66;;;71.398.808,69;1.631,00;Ativa;
PQAG11;61,00;13,29;1,12;11.982,80;4,35;;;761.036.339,46;385,00;Ativa;
PRZS11;0,00;0,00;;;1,18;;;56.015.108,28;2,00;Ativa;
PNDL11;0,00;0,00;;;75,95;;;9.766.681,25;46,00;Ativa;
PNPR11;0,00;0,00;;;11,01;;;57.144.254,28;13,00;Ativa;
PORD11;98,50;10,45;0,97;638.962,67;13,21;;0,51;199.977.610,24;8.850,00;Ativa;
PQDP11;2.324,12;3,24;0,64;427.231,07;0,77;-12,97;-8,66;867.195.308,31;4.170,00;Passiva;
RBGS11;36,50;3,82;0,40;25.603,30;0,37;15,02;-7,85;97.817.118,87;2.959,00;Passiva;
RBHY11;102,55;5,29;1,01;114.396,44;10,25;;;61.072.405,02;216,00;Ativa;
RBIR11;75,00;0,00;0,78;69.050,73;57,96;;;147.816.452,31;1.197,00;Ativa;
RBLG11;99,00;2,13;0,87;652,50;1,86;;;73.013.549,43;64,00;Ativa;
RBRM11;94.794,81;68,79;0,58;;0,17;;;88.189.591,65;54,00;Ativa;
RBRR11;99,56;7,13;1,00;2.460.929,85;4,47;-3,04;2,12;760.100.875,11;70.464,00;Ativa;
RBRS11;73,90;4,36;0,77;36.627,19;25,88;;;100.701.755,51;1.153,00;Ativa;
RBRY11;100,75;8,35;0,98;619.124,30;17,51;;;349.785.652,72;8.933,00;Ativa;
RCRB11;144,00;6,81;0,73;702.016,67;2,01;13,12;-1,89;724.878.219,59;29.434,00;Ativa;
RCRI11B;1.200,00;3,83;1,16;1.200,00;2,49;;;52.690.426,09;148,00;Ativa;
RECX11;99,75;1,80;1,09;6.343,22;0,46;;;18.144.483,26;348,00;Ativa;
REIT11;1.140,00;6,72;0,90;1.710,00;36,73;;;33.437.373,48;60,00;Ativa;
RELG11;91,37;5,85;0,95;172.205,26;28,17;;;123.734.508,39;3.661,00;Ativa;
SBCL11;0,00;0,00;;;135,05;;;35.270.176,12;1,00;Ativa;
SJAU11;116,74;0,00;1,17;36.994.741,67;0,58;;;792.986.642,01;115,00;Passiva;
SOLR11;1.220,00;0,00;1,18;1.220,00;2,90;;;65.018.883,98;32,00;Ativa;
SEQR11;84,99;3,97;0,80;217.935,41;4,18;;;156.776.100,90;1.283,00;Ativa;
SHDP11B;0,00;0,00;;;0,14;-14,09;;2.141.110.424,01;3,00;Passiva;
SNFF11;99,80;0,12;1,03;1.846.279,48;45,24;;;243.372.074,74;23.884,00;Ativa;
TORD11;10,03;13,19;0,94;1.438.181,85;28,06;;;285.831.314,30;62.700,00;Ativa;
TRNT11;143,70;3,80;0,69;17.703,63;0,48;-8,51;-9,68;815.933.561,16;712,00;Passiva;
URPR11;130,00;18,81;1,30;1.740.023,33;8,93;;;165.905.711,66;9.096,00;Ativa;
VTPA11;0,00;0,00;;;2,56;;;73.543.280,17;1,00;Ativa;
ZIFI11;0,00;0,00;;;9,89;;;20.651.943,31;16,00;Ativa;
IBCR11;0,00;0,00;;;68,91;;;55.724.682,77;246,00;Ativa;
EGYR11;0,00;0,00;;;0,00;;;93.197.880,67;1,00;Passiva;
MOFF11;0,00;0,00;;;0,43;;;190.843.005,40;2,00;Ativa;
TSER11;0,00;0,00;;;11,31;;;119.913.352,77;11,00;Ativa;
ALZR11;119,77;5,28;1,17;1.898.291,63;1,20;-6,81;8,06;459.134.472,74;89.125,00;Ativa;
ANCR11B;3.400,00;1,10;1,02;3.400,00;0,90;;19,35;1.502.356.203,17;55,00;Ativa;
AQLL11;385,03;0,00;0,26;641,83;0,00;;;145.505.513,48;37,00;Ativa;
BBFO11;76,60;3,79;0,82;131.012,33;1,14;;;372.529.804,81;3.798,00;Passiva;
BRHT11B;86,80;0,00;1,05;;0,92;;;151.899.420,19;11,00;--;
BRIP11;1.099,00;0,00;1,11;212.484,00;24,86;;;107.371.367,02;236,00;Ativa;
BRLA11;0,00;0,00;;;0,83;;;122.570.696,66;84,00;Ativa;
BBPO11;113,92;11,38;1,13;1.968.940,33;4,73;1,89;-3,42;1.598.863.562,90;65.740,00;Passiva;
BCFF11;79,01;7,64;0,94;5.931.118,48;13,49;-1,91;-0,08;2.119.406.011,49;282.484,00;Ativa;
BCIA11;91,20;8,62;0,83;724.020,22;0,87;-4,41;-5,48;408.983.773,55;13.361,00;Ativa;
CEOC11;68,50;7,98;0,79;81.430,63;2,06;-6,05;-6,72;157.128.089,83;6.890,00;Passiva;
CJCT11;60,03;0,00;0,89;440.197,88;0,98;;6,99;182.515.132,29;1.581,00;Passiva;
CJFI11;0,00;0,00;;;0,41;;;97.958.029,90;1,00;Ativa;
AFOF11;139,97;0,00;1,31;37.435,54;10,65;;;39.305.966,92;92,00;Ativa;
CVBI11;104,93;11,85;1,05;3.611.297,74;1,71;;;597.925.064,54;32.157,00;Ativa;
CXCE11B;88,11;12,21;1,09;57.948,96;5,78;5,34;-0,71;138.915.815,67;2.930,00;Passiva;
DLMT11;0,00;0,00;;;0,39;;;13.676.994,84;9,00;Ativa;
BLMR11;82,00;3,60;0,88;1.172.119,04;4,43;;;238.604.064,47;3.738,00;Ativa;
BPFF11;76,40;8,49;0,92;896.272,74;7,34;-5,21;-6,38;371.794.835,59;19.603,00;Ativa;
BPML11;86,39;0,93;0,64;117.111,44;6,30;;;584.587.292,43;1.172,00;Ativa;
BRCO11;104,68;6,26;0,97;5.052.016,30;2,70;;;1.602.955.497,24;32.249,00;Ativa;
DVFF11;0,00;0,00;;;13,26;;;53.683.026,04;155,00;Ativa;
ATWN11;0,00;0,00;;;0,64;;;93.141.887,46;2,00;Passiva;
CPTS11;100,57;10,91;1,06;10.044.370,41;12,00;5,47;0,53;2.033.959.001,79;92.583,00;Ativa;
ELDO11B;762,38;5,83;0,62;;0,14;-14,57;;973.512.484,69;61,00;Passiva;
ERCR11;79.700,05;4,26;0,91;5.740.179,25;0,06;;;208.463.120,62;14,00;Passiva;
FAED11;147,84;10,02;0,69;115.378,96;1,50;-6,61;-9,36;137.364.240,49;5.135,00;Passiva;
FAMB11B;1.189,91;7,27;0,34;83.911,59;8,47;-9,82;-27,48;365.096.455,45;3.669,00;Passiva;
FATN11;97,51;6,45;0,97;16.813,16;10,72;;;65.452.316,84;219,00;Ativa;
FCFL11;104,68;6,63;1,03;375.122,85;0,53;0,57;1,29;352.396.190,17;4.492,00;Passiva;
FEXC11;89,75;8,93;0,97;1.086.296,41;46,95;-5,63;-5,93;564.889.746,62;17.504,00;Ativa;
FIGS11;62,00;3,58;0,66;345.872,93;4,65;-38,55;-3,41;269.145.540,06;17.985,00;Passiva;
FIIB11;472,00;7,17;1,07;562.397,96;1,37;2,13;6,21;302.833.973,76;17.975,00;Passiva;
HBTT11;1.055,00;3,66;;37.746,53;;;;0,00;0,00;Ativa;
HCST11;96,00;0,00;0,90;2.380,08;33,98;;;30.461.843,17;84,00;Ativa;
HCTR11;134,54;18,37;1,15;11.622.661,22;25,85;;;1.194.309.373,39;96.170,00;Ativa;
LSPA11;0,00;0,00;;;1,44;;;40.261.881,50;220,00;Ativa;
AIEC11;79,78;6,38;0,80;694.858,19;4,58;;;483.257.233,98;3.033,00;Ativa;
RDPD11;63,30;7,77;0,64;46.420,93;26,22;-0,03;;106.549.724,70;770,00;Ativa;
RECR11;101,94;13,85;1,06;10.221.657,26;3,22;5,18;0,34;1.363.525.760,42;72.320,00;Ativa;
RECT11;77,88;10,59;0,84;1.778.414,85;2,39;;;761.087.076,66;73.544,00;Ativa;
TEPP11;76,53;7,49;0,81;517.585,89;1,07;;;398.937.744,50;8.012,00;Ativa;
TFOF11;138,00;0,00;1,14;;13,36;29,98;-52,64;103.080.374,68;3.278,00;Ativa;
TGAR11;130,00;10,76;1,02;5.725.386,74;63,51;12,14;;944.421.581,48;52.224,00;Ativa;
BBRC11;110,60;10,22;0,98;192.699,70;3,89;0,69;-5,96;179.216.421,68;8.833,00;Passiva;
CTXT11;23,22;10,38;0,48;19.542,63;0,68;-19,52;78,98;125.506.257,05;4.196,00;Passiva;
DAMT11B;0,00;0,00;;;0,00;;;104.806.726,66;51,00;Passiva;
VIFI11;86,35;8,67;0,88;518.327,48;1,32;;;277.055.966,59;4.348,00;Ativa;
VILG11;112,57;5,90;0,98;4.559.762,63;6,64;;;1.716.537.713,31;135.467,00;Ativa;
VINO11;58,95;8,28;0,99;2.209.114,89;3,52;;;758.552.977,13;77.055,00;Ativa;
VISC11;106,30;4,00;0,89;2.901.561,44;0,64;-15,53;1,22;1.704.682.134,90;194.012,00;Ativa;
FINF11;0,00;0,00;;;0,28;;;82.794.886,17;4,00;Ativa;
VIUR11;93,01;0,70;0,97;286.840,74;100,54;;;258.950.198,97;2.789,00;Ativa;
VJFD11;0,00;0,00;;;3,78;;;523.558.990,19;2,00;Ativa;
VSHO11;75,51;2,43;0,75;38.629,04;2,65;;;210.803.855,72;1.835,00;Ativa;
VSLH11;10,45;6,48;1,04;2.446.727,81;25,57;;;120.827.259,18;5.414,00;Ativa;
VTPL11;0,00;0,00;;;0,55;;;114.152.856,84;54,00;Passiva;
VTRT11;0,00;0,00;;;20,14;;;1.030.654.046,20;499,00;Ativa;
VTVI11;0,00;0,00;;;11,23;;;68.365.320,71;1,00;Ativa;
VTXI11;0,00;0,00;;;23,27;;;3.440.529,81;2,00;Ativa;
VVPR11;97,44;7,46;0,97;281.339,37;1,26;;;230.577.817,74;1.139,00;Ativa;
VXXV11;721,55;2,56;1,47;2.325.194,50;2,64;;;25.566.994,94;4,00;Ativa;
WPLZ11;60,00;0,17;0,57;19.494,00;0,74;22,10;0,10;106.880.016,87;1.946,00;Passiva;
YUFI11;0,00;0,00;;;6,75;;;37.614.094,39;10,00;Ativa;
BLMC11;104,98;1,81;1,03;5.054,40;5,97;;;40.627.519,23;25,00;Ativa;
HCRI11;401,96;8,67;1,33;63.505,96;0,56;6,52;8,02;60.619.598,18;3.213,00;Passiva;
AFCR11;110,70;11,36;1,06;174.612,15;1,62;;;124.200.760,61;1.665,00;Ativa;
AFHI11;91,00;1,21;0,94;629.836,41;42,02;;;172.745.111,59;3.311,00;Ativa;
JBFO11;93,17;1,40;0,96;127.579,67;0,14;;;124.428.658,13;342,00;Ativa;
BICE11;0,00;0,00;;;109,80;;;556.530,54;89,00;Ativa;
BREV11;115,99;4,47;1,10;229,17;6,90;;;98.402.688,55;76,00;Ativa;
HCHG11;0,00;0,00;;;211,93;;;7.080.570,14;213,00;Ativa;
CARE11;0,75;1,68;0,47;361.889,33;1,63;;-26,12;288.155.071,03;10.624,00;Ativa;
HFOF11;93,57;7,28;0,98;3.070.401,04;7,29;-11,70;1,95;2.051.533.076,21;67.670,00;Ativa;
HGBS11;198,60;2,88;0,90;1.786.607,56;0,32;-30,27;-0,32;2.195.761.211,36;82.260,00;Ativa;
KNSC11;100,28;7,49;1,05;4.589.818,67;3,86;;;613.319.321,47;19.030,00;Ativa;
LKDV11;0,00;0,00;;;33,04;;;21.864.755,75;57,00;Ativa;
ESTQ11;0,00;0,00;;;28,69;;;24.144.802,38;5,00;Ativa;
EVBI11;99,99;3,20;1,02;27.355,88;2,42;;;106.070.885,36;108,00;Ativa;
PATB11;0,00;0,00;;;6,57;;;503.044.621,15;59,00;Ativa;
PRTS11;117,70;0,00;1.307,78;;27,15;;;4.894.470,14;11,00;Ativa;
QAMI11;93,20;2,18;0,98;12.961,44;26,33;;;76.240.155,14;603,00;Ativa;
RBBV11;100,00;84,07;1,00;239.178,74;0,47;139,05;18,10;125.807.524,80;3.143,00;Passiva;
RBCB11;19,00;0,00;;;;-15,04;-56,76;0,00;462,00;Ativa;
RBED11;140,16;8,70;0,93;231.621,78;5,02;-5,62;-2,80;303.894.530,56;11.879,00;Ativa;
RBFF11;64,01;9,53;0,89;749.349,41;1,88;1,58;;268.634.459,58;19.097,00;Ativa;
RMAI11;39,60;0,00;0,36;3.524,05;0,35;;;265.475.108,03;1.158,00;Passiva;
ROOF11;0,00;0,00;;;49,96;;;31.406.081,80;58,00;Ativa;
RRCI11;83,00;5,38;0,86;165.992,04;8,39;;;46.722.236,46;1.983,00;Ativa;
RSPD11;1.100,00;0,00;0,96;26.438,75;23,21;;;170.503.384,96;30,00;Ativa;
RVBI11;89,06;8,61;0,96;403.256,89;7,42;;;133.183.538,96;11.037,00;Ativa;
RZAK11;93,55;2,58;0,96;1.138.018,56;1,49;;;291.794.705,84;6.713,00;Ativa;
SALI11;0,00;0,00;;;4,94;;;8.026.416,99;2,00;Passiva;
TBOF11;15,56;0,55;119,69;;67,74;72,22;-40,26;1.313.498,11;9.158,00;Passiva;
TCIN11;108,35;0,00;0,78;123.585,75;1,83;;;114.824.826,95;128,00;Ativa;
VCRR11;101,98;0,66;1,02;62.608,43;99,95;;;200.000.000,00;1.854,00;Ativa;
VERE11;233,49;9,36;0,74;;7,50;6,10;;172.871.056,10;54,00;Ativa;
VGHF11;9,79;3,88;1,01;685.995,59;1,00;;;159.232.391,41;7.845,00;Ativa;
VGIP11;100,61;11,81;1,05;4.064.185,04;3,90;;;514.430.345,26;30.529,00;Ativa;
VGIR11;88,41;6,22;0,91;776.096,59;3,44;;;436.095.972,90;22.274,00;Ativa;
VIDS11;0,00;0,00;;;4,62;;;42.854.142,89;488,00;Ativa;
STRX11;8,52;6.000,91;0,00;;0,43;;;295.203.364,69;53,00;Passiva;
HPDP11;79,07;3,33;0,79;894.995,85;1,29;;;291.754.173,69;377,00;Passiva;
HRDF11;1,55;0,00;0,93;20.565,26;63,08;;;12.681.699,64;1.283,00;Ativa;
HSAF11;99,15;7,52;1,01;435.828,96;77,60;;;88.962.262,50;4.116,00;Ativa;
HSML11;85,15;5,04;0,87;2.771.188,26;2,15;;;1.544.629.510,31;122.744,00;Ativa;
IRDM11;127,95;11,21;1,30;8.468.129,26;18,80;14,13;13,86;2.167.872.890,70;161.996,00;Ativa;
RBCO11;56,10;9,88;0,55;155.822,89;3,61;;;382.112.991,30;4.236,00;Ativa;
RBDS11;20,00;11,77;0,64;1.830,54;21,32;18,99;-62,36;3.930.061,20;1.017,00;Ativa;
ARCT11;100,49;20,27;0,99;787.682,52;69,86;;;162.232.760,08;5.804,00;Ativa;
ATCR11;0,00;0,00;;;0,78;;;72.860.726,40;33,00;Ativa;
BBFI11B;2.350,00;12,96;0,93;459.382,04;8,53;1,51;3,28;327.816.882,02;7.816,00;Passiva;
BBIM11;0,00;0,00;;;16,45;-13,07;;64.779.558,74;20,00;Ativa;
DOVL11B;21,39;121,58;0,02;;3,57;;;59.010.629,22;7,00;Ativa;
FISC11;165,00;0,57;1,06;33.000,00;0,33;;;254.356.373,94;65,00;Ativa;
HGLG11;170,11;7,45;1,14;7.597.561,67;6,01;12,08;10,67;2.739.487.707,59;280.532,00;Ativa;
HGPO11;216,00;5,77;0,89;330.802,19;5,51;;;423.466.782,77;9.950,00;Passiva;
HGRE11;133,80;6,70;0,79;3.078.410,07;1,27;0,34;3,55;1.998.358.393,35;110.914,00;Ativa;
LATR11B;150,00;4,99;5,19;550,00;111,50;;;3.589.511,84;163,00;Ativa;
PABY11;12,70;0,00;;4.214,20;;;-14,06;-6.281.734,30;447,00;Passiva;
PATC11;67,00;5,39;0,78;358.919,00;5,75;;;299.994.986,42;13.487,00;Ativa;
PVBI11;95,18;5,21;0,99;2.254.385,48;14,55;;;937.403.918,87;31.680,00;Ativa;
QAGR11;51,70;9,04;0,89;664.850,93;0,13;;;294.400.660,10;18.019,00;Ativa;
QIFF11;98,79;6,74;1,03;11.203,83;0,59;;;14.422.226,23;146,00;Passiva;
SPVJ11;0,00;0,00;;;6,01;;;514.456.759,72;25,00;Ativa;
VSEC11;85,05;7,98;223,82;5.003,87;21,52;;;6.393.711,59;41,00;Ativa;
VTLT11;101,70;8,71;1,00;274.276,33;1,23;0,05;;216.175.118,26;5.540,00;Ativa;
BMII11;0,00;0,00;;;0,46;;;69.159.289,74;12,00;Ativa;
BVAR11;0,00;0,00;;;1,03;10,03;;691.034.718,99;69,00;Passiva;
LFTT11;108,24;6,33;1,77;1.944.692,00;16,26;;;429.557.690,92;364,00;Ativa;
MAXR11;81,05;9,54;0,69;147.189,63;1,38;-6,73;-5,94;132.504.820,48;3.066,00;Passiva;
MBRF11;865,02;10,42;0,76;54.489,04;3,83;-2,74;-4,41;116.031.980,30;2.840,00;Ativa;
MCCI11;101,98;7,70;1,01;4.060.367,30;1,98;;;899.538.457,59;45.411,00;Ativa;
RZTR11;95,00;6,29;0,98;3.707.228,00;52,93;;;1.069.504.651,37;30.109,00;Ativa;
VOTS11;80,00;5,85;0,81;3.606,55;8,25;0,05;-3,49;81.909.487,55;305,00;Ativa;
VRTA11;106,98;9,11;1,06;2.335.918,85;8,17;-7,35;0,45;1.010.652.173,25;91.020,00;Ativa;
XPCI11;100,00;9,21;1,03;3.606.477,30;0,19;;;636.538.861,21;30.298,00;Ativa;
XPCM11;40,50;20,99;0,56;317.785,70;2,98;-5,05;-23,54;173.353.021,06;32.708,00;Passiva;
XPHT11;85,68;0,00;0,99;38.284,12;0,67;;;330.389.677,16;1.550,00;Ativa;
CXTL11;410,00;4,10;0,63;21.154,69;1,20;5,53;-7,32;34.657.816,54;569,00;Passiva;
FCAS11;0,00;0,00;;;186,17;;;80.684.223,04;2,00;Passiva;
RFOF11;82,00;8,43;0,89;298.393,00;0,62;;;99.008.768,48;3.500,00;Ativa;
RNDP11;707,00;31,03;0,92;13.402,10;5,22;52,13;-8,83;82.740.838,99;875,00;Ativa;
SADI11;84,99;2,96;0,85;682.904,07;2,92;;;319.447.459,61;2.860,00;Ativa;
SAIC11B;39,52;0,00;0,73;39,00;5,57;;;77.761.114,57;52,00;Passiva;
BLCP11;95,00;6,28;0,94;67.410,65;3,51;;;194.976.359,83;182,00;Ativa;
BTLG11;110,65;6,29;1,09;6.892.285,07;17,23;16,81;17,13;1.404.587.725,60;111.547,00;Ativa;
HGFF11;80,01;8,56;0,84;552.473,33;3,98;;;271.606.656,75;8.708,00;Ativa;
HGRU11;116,84;7,22;0,99;5.086.553,33;1,37;0,72;;2.169.838.766,49;129.811,00;Ativa;
HLOG11;110,50;6,95;0,93;120.504,96;1,91;;;507.453.457,78;4.052,00;Ativa;
LASC11;91,99;5,07;0,89;370.490,76;9,51;;;260.083.653,39;141,00;Ativa;
LGCP11;89,89;6,79;0,91;226.069,56;0,58;;;270.011.706,16;9.733,00;Ativa;
RBIV11;85,00;8,53;0,83;512.634,89;30,72;;;105.464.967,11;3.142,00;Ativa;
RBRD11;58,29;6,46;0,82;98.537,85;3,99;17,96;-11,82;132.282.376,33;12.020,00;Passiva;
RBRF11;79,90;9,68;0,89;3.542.539,33;16,22;-5,08;-6,42;1.226.124.289,97;73.350,00;Ativa;
RBRL11;101,22;8,15;0,95;1.862.191,26;10,56;;;715.432.791,49;5.791,00;Ativa;
RBRP11;79,90;7,33;0,92;2.580.478,59;25,39;-3,14;;1.055.098.676,95;88.346,00;Ativa;
SHOP11;100,00;0,00;1,67;;3,68;;;88.878.414,23;11,00;Ativa;
VLJS11;1.141,14;4,80;1,43;;2,43;;;47.072.303,02;12,00;Passiva;
VLOL11;95,00;5,54;0,98;123.640,33;1,14;4,13;5,54;173.066.588,66;4.772,00;Passiva;
WTSP11B;46,06;3,86;0,58;13.507,00;3,44;-34,63;;79.060.153,00;200,00;Ativa;
CBOP11;71,01;8,86;0,78;118.649,81;1,04;3,40;1,31;128.178.286,06;3.759,00;Passiva;
FPNG11;0,00;0,00;;;1,07;-14,75;;165.220.479,25;50,00;Ativa;
PBLV11;926,98;10,84;0,69;;2,82;;;3.689.158.833,54;2,00;Ativa;
SARE11;95,03;5,39;0,95;1.006.851,59;1,43;;;535.903.649,61;6.586,00;Ativa;
ARFI11B;479,99;0,00;0,41;;0,09;;-24,36;134.544.244,43;28,00;Ativa;
BZLI11;14,06;0,00;1,23;646.773,30;2,44;;1,09;443.572.978,10;31,00;Ativa;
KINP11;13,85;6,15;1,59;1.520,39;5,99;;;62.324.980,79;444,00;Ativa;
KNCR11;87,26;4,25;0,89;5.523.483,89;9,54;-19,11;-6,32;3.850.279.410,01;67.565,00;Ativa;
KNHY11;110,00;10,96;1,08;2.027.339,52;1,70;20,87;;1.093.944.959,36;6.548,00;Ativa;
MFAI11;91,73;16,25;0,97;98.455,37;13,44;;;28.802.721,72;3.756,00;Ativa;
MFII11;104,21;11,44;0,88;1.060.205,00;32,23;-4,81;-3,23;470.741.477,83;29.520,00;Ativa;
MGFF11;76,27;8,92;0,90;2.660.449,22;1,38;-5,87;-6,27;765.165.830,09;51.364,00;Ativa;
NVHO11;12,01;8,35;0,97;3.401,52;0,93;11,63;6,30;513.493.362,85;2.575,00;Ativa;
NVIF11B;227,50;1,30;1,37;;330,18;;;55.877.174,82;7,00;Ativa;
SFND11;83,07;103,65;4,63;;13,71;114,52;;17.631.763,89;55,00;Passiva;
SHPH11;801,00;3,51;0,97;170.066,89;0,44;-11,67;-6,18;500.734.117,94;3.131,00;Passiva;
SPAF11;0,00;0,00;;;3,14;;;11.305.743,83;1,00;Ativa;
TRXB11;119,00;6,88;1,12;2.387.522,25;3,26;;;264.631.855,70;118,00;Passiva;
TRXF11;101,28;7,65;0,95;3.232.476,96;1,05;;;598.611.038,92;28.515,00;Ativa;
TSNC11;0,00;0,00;;;2,44;0,86;;98.678.322,71;66,00;Ativa;
MXRF11;10,01;8,59;1,00;10.056.443,59;24,84;2,44;-0,53;2.259.874.256,91;393.767,00;Ativa;
TOUR11;110,00;20,41;0,19;46.117,76;17,28;;;5.833.523,87;207,00;Ativa;
ATSA11;107,00;0,00;1,09;5.501,74;1,25;;;172.476.158,75;255,00;Passiva;
KNRI11;138,90;5,79;0,89;5.646.383,52;2,41;-4,39;-1,33;3.769.251.648,72;235.231,00;Ativa;
SPTW11;55,98;27,74;1,08;351.007,19;5,44;29,93;-8,38;93.448.162,77;17.378,00;Passiva;
EDGA11;26,29;6,88;0,33;59.657,41;0,47;-12,50;-12,29;300.270.482,22;7.549,00;Passiva;
FIIP11B;187,75;6,23;0,97;136.068,22;2,60;-11,97;0,42;179.093.742,38;9.027,00;Passiva;
FIVN11;3,46;0,00;0,50;65.689,07;0,05;;-2,65;64.797.779,29;2.725,00;Passiva;
BMLC11;92,52;7,45;0,87;41.199,81;2,60;15,87;4,53;106.653.765,90;1.596,00;Ativa;
BNFS11;124,80;9,71;1,20;47.060,22;4,84;5,81;3,67;72.607.805,60;3.368,00;Ativa;
RCFF11;100,99;4,98;1,03;1.441,50;9,60;;;31.782.377,65;81,00;Ativa;
TCPF11;1,26;1.242,06;0,01;;6,13;;;32.377.415,77;52,00;Ativa;
EDFO11B;255,02;6,74;1,19;29.915,15;1,25;-6,91;;50.449.075,35;592,00;Passiva;
GRLV11;104,51;104,42;17,51;753.753,27;2.489,44;135,25;-2,08;6.407.890,29;2.604,00;Passiva;
PLRI11;44,44;6,59;0,80;18.065,63;2,06;-19,72;-17,83;52.788.623,53;793,00;Ativa;
ABCP11;71,20;4,59;0,81;115.304,00;1,21;-7,10;-0,09;1.077.525.130,29;19.203,00;Passiva;
JPPA11;98,44;9,77;0,95;50.458,56;15,10;;;62.661.769,59;384,00;Ativa;
JPPC11;402,00;8,35;0,87;;10,69;;-12,50;25.364.609,24;79,00;Ativa;
KNRE11;2,35;2,97;0,94;16.759,26;6,71;;-38,27;46.336.196,31;7.034,00;Ativa;
OURE11;87,15;9,38;0,88;89.066,89;5,33;7,46;-4,00;82.588.575,80;3.622,00;Ativa;
PLCR11;93,20;8,80;0,96;664.325,85;9,52;;;205.645.868,44;6.115,00;Ativa;
ARRI11;107,37;10,61;1,12;207.014,78;1,47;;;37.779.634,16;3.318,00;Ativa;
BARI11;103,66;14,11;1,02;2.629.647,30;18,35;;;471.703.935,45;26.905,00;Ativa;
DRIT11B;115,00;3,68;0,88;2.569,53;0,90;-18,28;-3,76;60.692.337,91;302,00;Ativa;
FTCE11B;2.950,01;12,17;1,09;;6,26;;;2.381.264.954,43;10,00;Ativa;
FVBI11;94,97;68,95;;69.079,00;;142,93;-1,85;0,00;0,00;Passiva;
GCFF11;88,50;9,75;0,93;91.827,41;5,03;;;32.379.342,98;1.484,00;Ativa;
BRIM11;1.200,01;0,00;1,24;246.002,00;5,58;;;120.473.703,05;110,00;Ativa;
HABT11;123,25;13,91;1,23;3.188.118,56;25,47;;;541.658.651,35;27.842,00;Ativa;
CFHI11;0,00;0,00;;;31,70;;;74.900.061,40;57,00;Ativa;
ERPA11;140,00;0,00;1,34;140,00;0,17;;;51.844.937,69;12,00;Passiva;
PRSN11B;0,64;4,28;1,42;13.868,74;12,58;;;23.294.463,73;1.376,00;Ativa;
PRSV11;135,77;4,10;0,57;12.548,22;5,99;28,92;-26,07;46.355.327,15;1.230,00;Passiva;
SCPF11;9,00;2,14;0,71;12.875,15;2,02;-25,41;-9,40;53.134.151,13;4.699,00;Ativa;
SDIL11;90,05;7,71;0,90;1.117.946,81;11,51;-3,32;-0,33;641.814.142,33;45.975,00;Ativa;
BPRP11;112,00;8,26;1,04;33.649,31;0,07;;;145.794.396,65;196,00;Passiva;
RNGO11;62,46;7,96;0,62;199.578,33;1,43;-5,29;-8,60;270.942.156,09;15.881,00;Passiva;
THRA11;138,50;35,80;1,22;105.789,96;1,84;91,64;11,47;167.623.420,09;2.219,00;Passiva;
TORM13;833,00;5,42;0,46;833,00;33,03;;;18.076.809,44;324,00;Ativa;
VCJR11;94,50;9,45;0,95;836.626,67;26,44;;;1.148.318.898,79;6.697,00;Ativa;
CRFF11;72,36;7,30;0,81;47.566,07;0,54;;;61.365.398,38;1.869,00;Ativa;
EURO11;207,87;7,30;0,73;72.655,00;1,86;19,95;6,15;108.870.706,82;2.417,00;Passiva;
BLMO11;26.004,50;0,00;1,01;52.009,00;10,04;;;97.846.867,88;95,00;Ativa;
JSRE11;87,45;7,26;0,77;2.472.404,19;0,83;-2,06;-5,04;2.356.825.185,46;44.351,00;Ativa;
JTPR11;2.517,00;0,12;22,71;;7,50;;;23.796.389,95;9,00;Ativa;
KFOF11;86,10;7,46;0,83;760.170,22;1,16;;;468.185.948,21;7.010,00;Ativa;
NEWL11;104,99;9,89;0,98;198.704,67;16,11;;;218.905.446,39;1.550,00;Ativa;
NEWU11;35,26;0,31;0,56;8.788,70;2,38;58,77;;46.900.867,62;1.812,00;Ativa;
NPAR11;18,45;228,77;0,16;39.110,32;96,63;;-45,96;13.797.678,05;52,00;Ativa;
NSLU11;238,50;9,96;1,12;228.033,26;1,97;7,18;1,73;243.923.226,97;7.631,00;Passiva;
RBTS11;1.000,00;0,00;0,95;;8,23;;;59.393.774,96;56,00;Ativa;
RBVA11;112,50;9,68;0,99;1.331.695,81;0,33;3,09;2,65;1.320.790.070,80;40.696,00;Ativa;
RBVO11;12,45;6,55;0,54;5.810,63;2,26;-41,91;-40,80;11.801.375,84;2.066,00;--;
RCFA11;0,74;0,00;0,47;199.850,44;0,64;;;18.263.993,00;3.617,00;Passiva;
ALMI11;1.170,27;0,00;0,57;67.806,37;2,23;;-6,13;229.137.188,63;3.417,00;Passiva;
CPFF11;81,26;9,76;0,99;1.201.338,37;0,80;;;325.884.515,48;11.978,00;Ativa;
VPSI11;0,00;0,00;;;0,15;-10,10;;147.044.918,71;57,00;Passiva;
XPHT12;51,38;0,00;0,59;43.286,75;0,67;;;330.389.677,16;1.550,00;Ativa;
XPIN11;99,90;7,45;0,90;1.312.968,00;4,93;;;729.986.712,29;52.224,00;Ativa;
XPLG11;109,61;6,45;0,99;6.573.846,78;15,36;-2,44;4,34;2.993.276.336,48;263.359,00;Ativa;
XPML11;103,83;3,74;0,95;3.797.607,67;3,09;-16,14;1,89;2.000.303.504,05;251.800,00;Ativa;
XPPR11;65,69;10,58;0,77;1.801.127,15;4,30;;;627.324.285,79;40.876,00;Ativa;
XPSF11;92,10;9,72;0,96;1.635.440,56;2,39;;;414.931.224,93;18.527,00;Ativa;
XTED11;6,95;0,00;0,50;14.344,93;1,14;;-27,17;25.862.448,60;4.968,00;Ativa;
